id,position
24577,115.0
16387,105.0
8197,100.0
32774,95.0
7,60.0
24584,100.0
16394,-85.0
8204,90.0
32781,80.0
14,95.0
24591,70.0
16401,120.0
8211,65.0
32788,15.0
21,95.0
24598,70.0
16408,100.0
8218,110.0
32795,100.0
28,70.0
24605,55.0
16415,-95.0
8225,90.0
32802,80.0
35,110.0
24612,100.0
16422,120.0
8232,80.0
32809,80.0
42,100.0
24619,60.0
16429,130.0
8239,-85.0
32816,110.0
49,110.0
24626,105.0
16436,90.0
8246,-120.0
32823,-70.0
56,75.0
24633,60.0
16443,80.0
8253,90.0
32830,95.0
63,85.0
24640,60.0
16450,55.0
8260,75.0
32837,95.0
70,85.0
24647,30.0
16457,185.0
8267,115.0
32844,70.0
77,85.0
24654,-105.0
16464,105.0
8274,65.0
32851,-130.0
84,90.0
24661,70.0
16471,85.0
8281,90.0
32858,95.0
91,75.0
24668,100.0
16478,-85.0
8288,95.0
32865,75.0
98,70.0
24675,105.0
16485,100.0
8295,85.0
32872,75.0
105,80.0
24682,80.0
16492,105.0
8302,50.0
32879,80.0
112,80.0
24689,90.0
16499,-100.0
8309,70.0
32886,-95.0
119,80.0
24696,50.0
16506,-50.0
8316,100.0
32893,-100.0
126,115.0
24703,45.0
16513,75.0
8323,110.0
32900,75.0
133,85.0
24710,55.0
16520,120.0
8330,85.0
32907,30.0
140,80.0
24717,55.0
16527,110.0
8337,95.0
32914,70.0
147,95.0
24724,70.0
16534,120.0
8344,100.0
32921,80.0
154,85.0
24731,65.0
16541,60.0
8351,90.0
32928,90.0
161,80.0
24738,75.0
16548,-60.0
8358,100.0
32935,-75.0
168,95.0
24745,115.0
16555,95.0
8365,80.0
32942,95.0
175,90.0
24752,-80.0
16562,-80.0
8372,85.0
32949,100.0
182,60.0
24759,95.0
16569,60.0
8379,-30.0
32956,100.0
189,45.0
24766,90.0
16576,-15.0
8386,80.0
32963,-80.0
196,100.0
24773,120.0
16583,45.0
8393,75.0
32970,40.0
203,100.0
24780,60.0
16590,100.0
8400,75.0
32977,85.0
210,110.0
24787,85.0
16597,100.0
8407,100.0
32984,110.0
217,100.0
24794,110.0
16604,-70.0
8414,-95.0
32991,100.0
224,90.0
24801,15.0
16611,-65.0
8421,-100.0
32998,95.0
231,90.0
24808,75.0
16618,40.0
8428,50.0
33005,95.0
238,115.0
24815,-110.0
16625,105.0
8435,100.0
33012,110.0
245,25.0
24822,-125.0
16632,100.0
8442,130.0
33019,110.0
252,100.0
24829,125.0
16639,110.0
8449,100.0
33026,95.0
259,100.0
24836,100.0
16646,55.0
8456,100.0
33033,95.0
266,85.0
24843,105.0
16653,65.0
8463,100.0
33040,75.0
273,65.0
24850,90.0
16660,-85.0
8470,140.0
33047,90.0
280,35.0
24857,95.0
16667,105.0
8477,115.0
33054,85.0
287,95.0
24864,40.0
16674,85.0
8484,115.0
33061,75.0
294,90.0
24871,35.0
16681,35.0
8491,90.0
33068,60.0
301,110.0
24878,100.0
16688,85.0
8498,105.0
33075,60.0
308,-110.0
24885,125.0
16695,135.0
8505,95.0
33082,80.0
315,75.0
24892,75.0
16702,65.0
8512,100.0
33089,30.0
322,90.0
24899,60.0
16709,75.0
8519,100.0
33096,60.0
329,100.0
24906,60.0
16716,-75.0
8526,50.0
33103,15.0
336,100.0
24913,-120.0
16723,100.0
8533,-85.0
33110,-65.0
343,105.0
24920,65.0
16730,95.0
8540,-115.0
33117,70.0
350,105.0
24927,60.0
16737,100.0
8547,-170.0
33124,85.0
357,65.0
24934,20.0
16744,10.0
8554,95.0
33131,-165.0
364,55.0
24941,120.0
16751,105.0
8561,100.0
33138,110.0
371,75.0
24948,115.0
16758,55.0
8568,65.0
33145,100.0
378,90.0
24955,-50.0
16765,80.0
8575,65.0
33152,65.0
385,80.0
24962,-95.0
16772,70.0
8582,90.0
33159,110.0
392,80.0
24969,110.0
16779,85.0
8589,90.0
33166,50.0
399,105.0
24976,-90.0
16786,70.0
8596,125.0
33173,100.0
406,115.0
24983,75.0
16793,115.0
8603,75.0
33180,70.0
413,115.0
24990,70.0
16800,135.0
8610,110.0
33187,45.0
420,105.0
24997,80.0
16807,135.0
8617,105.0
33194,80.0
427,-70.0
25004,85.0
16814,135.0
8624,120.0
33201,105.0
434,-10.0
25011,135.0
16821,35.0
8631,90.0
33208,85.0
441,90.0
25018,25.0
16828,100.0
8638,90.0
33215,70.0
448,75.0
25025,65.0
16835,55.0
8645,95.0
33222,85.0
455,110.0
25032,-100.0
16842,90.0
8652,10.0
33229,-70.0
462,75.0
25039,85.0
16849,20.0
8659,65.0
33236,70.0
469,-110.0
25046,100.0
16856,75.0
8666,125.0
33243,70.0
476,60.0
25053,65.0
16863,85.0
8673,90.0
483,75.0
25060,65.0
16870,70.0
8680,170.0
490,50.0
25067,-100.0
16877,100.0
8687,100.0
497,75.0
25074,95.0
16884,100.0
8694,125.0
504,85.0
25081,5.0
16891,75.0
8701,150.0
511,-105.0
25088,145.0
16898,100.0
8708,60.0
518,-90.0
25095,115.0
16905,100.0
8715,70.0
525,-100.0
25102,110.0
16912,85.0
8722,80.0
532,100.0
25109,-100.0
16919,45.0
8729,75.0
539,85.0
25116,10.0
16926,65.0
8736,85.0
546,90.0
25123,90.0
16933,45.0
8743,95.0
553,-110.0
25130,120.0
16940,120.0
8750,90.0
560,110.0
25137,-90.0
16947,70.0
8757,85.0
567,140.0
25144,75.0
16954,-80.0
8764,40.0
574,105.0
25151,100.0
16961,115.0
8771,135.0
581,75.0
25158,100.0
16968,115.0
8778,70.0
588,40.0
25165,65.0
16975,70.0
8785,75.0
595,50.0
25172,115.0
16982,45.0
8792,75.0
602,90.0
25179,80.0
16989,70.0
8799,75.0
609,-65.0
25186,115.0
16996,85.0
8806,75.0
616,115.0
25193,75.0
17003,95.0
8813,75.0
623,50.0
25200,35.0
17010,-95.0
8820,95.0
630,-20.0
25207,90.0
17017,-130.0
8827,70.0
637,85.0
25214,-75.0
17024,-85.0
8834,65.0
644,105.0
25221,80.0
17031,-60.0
8841,50.0
651,80.0
25228,90.0
17038,85.0
8848,65.0
658,80.0
25235,145.0
17045,75.0
8855,80.0
665,60.0
25242,95.0
17052,70.0
8862,105.0
672,95.0
25249,95.0
17059,75.0
8869,110.0
679,110.0
25256,40.0
17066,45.0
8876,110.0
686,85.0
25263,100.0
17073,20.0
8883,100.0
693,70.0
25270,90.0
17080,55.0
8890,75.0
700,100.0
25277,140.0
17087,105.0
8897,60.0
707,45.0
25284,110.0
17094,70.0
8904,90.0
714,-100.0
25291,115.0
17101,70.0
8911,95.0
721,75.0
25298,-95.0
17108,-95.0
8918,70.0
728,90.0
25305,60.0
17115,75.0
8925,110.0
735,65.0
25312,45.0
17122,115.0
8932,65.0
742,105.0
25319,100.0
17129,-100.0
8939,80.0
749,85.0
25326,70.0
17136,90.0
8946,100.0
756,75.0
25333,85.0
17143,-90.0
8953,90.0
763,105.0
25340,80.0
17150,60.0
8960,30.0
770,125.0
25347,110.0
17157,-15.0
8967,85.0
777,70.0
25354,105.0
17164,-80.0
8974,85.0
784,95.0
25361,-105.0
17171,40.0
8981,90.0
791,100.0
25368,-100.0
17178,80.0
8988,90.0
798,90.0
25375,90.0
17185,60.0
8995,120.0
805,90.0
25382,115.0
17192,100.0
9002,115.0
812,90.0
25389,75.0
17199,90.0
9009,100.0
819,115.0
25396,80.0
17206,-45.0
9016,75.0
826,-30.0
25403,90.0
17213,70.0
9023,50.0
833,45.0
25410,-45.0
17220,45.0
9030,105.0
840,95.0
25417,95.0
17227,55.0
9037,40.0
847,85.0
25424,55.0
17234,75.0
9044,75.0
854,105.0
25431,140.0
17241,80.0
9051,-105.0
861,15.0
25438,-45.0
17248,105.0
9058,75.0
868,80.0
25445,90.0
17255,85.0
9065,40.0
875,80.0
25452,85.0
17262,75.0
9072,50.0
882,75.0
25459,85.0
17269,110.0
9079,110.0
889,120.0
25466,65.0
17276,-110.0
9086,110.0
896,105.0
25473,70.0
17283,90.0
9093,60.0
903,80.0
25480,-130.0
17290,35.0
9100,20.0
910,75.0
25487,-175.0
17297,85.0
9107,110.0
917,60.0
25494,60.0
17304,90.0
9114,70.0
924,110.0
25501,100.0
17311,105.0
9121,-45.0
931,60.0
25508,100.0
17318,30.0
9128,80.0
938,90.0
25515,-160.0
17325,-25.0
9135,95.0
945,100.0
25522,95.0
17332,-55.0
9142,90.0
952,5.0
25529,60.0
17339,-95.0
9149,95.0
959,100.0
25536,165.0
17346,100.0
9156,90.0
966,70.0
25543,90.0
17353,105.0
9163,70.0
973,-70.0
25550,-65.0
17360,125.0
9170,80.0
980,85.0
25557,120.0
17367,-90.0
9177,85.0
987,30.0
25564,105.0
17374,100.0
9184,55.0
994,50.0
25571,50.0
17381,-60.0
9191,80.0
1001,75.0
25578,70.0
17388,-65.0
9198,80.0
1008,100.0
25585,-120.0
17395,110.0
9205,-115.0
1015,70.0
25592,140.0
17402,-110.0
9212,135.0
1022,90.0
25599,-65.0
17409,-25.0
9219,90.0
1029,90.0
25606,100.0
17416,105.0
9226,85.0
1036,95.0
25613,-45.0
17423,-15.0
9233,95.0
1043,110.0
25620,100.0
17430,95.0
9240,100.0
1050,30.0
25627,45.0
17437,80.0
9247,95.0
1057,75.0
25634,-150.0
17444,90.0
9254,95.0
1064,-120.0
25641,95.0
17451,90.0
9261,70.0
1071,100.0
25648,95.0
17458,135.0
9268,105.0
1078,85.0
25655,-140.0
17465,115.0
9275,110.0
1085,100.0
25662,60.0
17472,-75.0
9282,90.0
1092,105.0
25669,20.0
17479,30.0
9289,80.0
1099,5.0
25676,95.0
17486,-65.0
9296,-45.0
1106,95.0
25683,75.0
17493,95.0
9303,-45.0
1113,70.0
25690,-85.0
17500,120.0
9310,130.0
1120,60.0
25697,85.0
17507,60.0
9317,-45.0
1127,110.0
25704,100.0
17514,-65.0
9324,-110.0
1134,35.0
25711,80.0
17521,-55.0
9331,60.0
1141,100.0
25718,80.0
17528,20.0
9338,100.0
1148,80.0
25725,-115.0
17535,-55.0
9345,110.0
1155,105.0
25732,105.0
17542,90.0
9352,95.0
1162,95.0
25739,70.0
17549,90.0
9359,80.0
1169,75.0
25746,115.0
17556,120.0
9366,85.0
1176,100.0
25753,105.0
17563,120.0
9373,85.0
1183,70.0
25760,95.0
17570,85.0
9380,-120.0
1190,85.0
25767,95.0
17577,95.0
9387,85.0
1197,110.0
25774,90.0
17584,-110.0
9394,80.0
1204,75.0
25781,80.0
17591,15.0
9401,85.0
1211,100.0
25788,-40.0
17598,85.0
9408,120.0
1218,30.0
25795,60.0
17605,120.0
9415,85.0
1225,80.0
25802,70.0
17612,70.0
9422,45.0
1232,75.0
25809,155.0
17619,45.0
9429,30.0
1239,75.0
25816,40.0
17626,55.0
9436,50.0
1246,105.0
25823,135.0
17633,95.0
9443,105.0
1253,95.0
25830,135.0
17640,75.0
9450,20.0
1260,90.0
25837,160.0
17647,45.0
9457,-70.0
1267,-110.0
25844,80.0
17654,-65.0
9464,-70.0
1274,55.0
25851,105.0
17661,-85.0
9471,-70.0
1281,120.0
25858,-70.0
17668,-60.0
9478,95.0
1288,-75.0
25865,105.0
17675,-110.0
9485,70.0
1295,-65.0
25872,165.0
17682,95.0
9492,70.0
1302,35.0
25879,70.0
17689,90.0
9499,70.0
1309,55.0
25886,65.0
17696,115.0
9506,70.0
1316,90.0
25893,70.0
17703,75.0
9513,115.0
1323,100.0
25900,70.0
17710,-80.0
9520,105.0
1330,15.0
25907,95.0
17717,50.0
9527,35.0
1337,90.0
25914,130.0
17724,105.0
9534,-95.0
1344,110.0
25921,85.0
17731,110.0
9541,75.0
1351,55.0
25928,100.0
17738,80.0
9548,75.0
1358,70.0
25935,155.0
17745,80.0
9555,140.0
1365,75.0
25942,125.0
17752,120.0
9562,115.0
1372,95.0
25949,125.0
17759,60.0
9569,85.0
1379,95.0
25956,180.0
17766,115.0
9576,95.0
1386,20.0
25963,-80.0
17773,70.0
9583,90.0
1393,70.0
25970,-110.0
17780,-60.0
9590,90.0
1400,70.0
25977,105.0
17787,85.0
9597,120.0
1407,45.0
25984,110.0
17794,60.0
9604,95.0
1414,80.0
25991,105.0
17801,140.0
9611,70.0
1421,80.0
25998,50.0
17808,110.0
9618,130.0
1428,80.0
26005,135.0
17815,75.0
9625,100.0
1435,85.0
26012,75.0
17822,70.0
9632,105.0
1442,110.0
26019,70.0
17829,60.0
9639,55.0
1449,125.0
26026,45.0
17836,-40.0
9646,105.0
1456,75.0
26033,90.0
17843,55.0
9653,120.0
1463,85.0
26040,75.0
17850,65.0
9660,-85.0
1470,90.0
26047,105.0
17857,115.0
9667,-105.0
1477,50.0
26054,100.0
17864,115.0
9674,110.0
1484,60.0
26061,-130.0
17871,95.0
9681,110.0
1491,55.0
26068,120.0
17878,90.0
9688,-135.0
1498,100.0
26075,60.0
17885,90.0
9695,105.0
1505,60.0
26082,100.0
17892,45.0
9702,110.0
1512,105.0
26089,120.0
17899,120.0
9709,105.0
1519,85.0
26096,135.0
17906,95.0
9716,65.0
1526,90.0
26103,35.0
17913,115.0
9723,105.0
1533,80.0
26110,95.0
17920,-120.0
9730,105.0
1540,55.0
26117,90.0
17927,105.0
9737,-15.0
1547,20.0
26124,45.0
17934,85.0
9744,110.0
1554,70.0
26131,85.0
17941,80.0
9751,90.0
1561,115.0
26138,60.0
17948,70.0
9758,80.0
1568,115.0
26145,50.0
17955,60.0
9765,115.0
1575,70.0
26152,75.0
17962,35.0
9772,120.0
1582,40.0
26159,100.0
17969,110.0
9779,55.0
1589,85.0
26166,-145.0
17976,105.0
9786,-110.0
1596,105.0
26173,120.0
17983,110.0
9793,145.0
1603,75.0
26180,165.0
17990,-80.0
9800,145.0
1610,75.0
26187,80.0
17997,100.0
9807,95.0
1617,100.0
26194,-70.0
18004,-110.0
9814,55.0
1624,105.0
26201,95.0
18011,95.0
9821,55.0
1631,20.0
26208,115.0
18018,-90.0
9828,90.0
1638,70.0
26215,30.0
18025,145.0
9835,80.0
1645,85.0
26222,105.0
18032,80.0
9842,100.0
1652,75.0
26229,75.0
18039,75.0
9849,-90.0
1659,70.0
26236,75.0
18046,100.0
9856,-75.0
1666,85.0
26243,105.0
18053,95.0
9863,70.0
1673,75.0
26250,-45.0
18060,95.0
9870,70.0
1680,110.0
26257,120.0
18067,100.0
9877,70.0
1687,120.0
26264,105.0
18074,105.0
9884,70.0
1694,-110.0
26271,-70.0
18081,40.0
9891,45.0
1701,45.0
26278,-110.0
18088,110.0
9898,115.0
1708,80.0
26285,170.0
18095,105.0
9905,95.0
1715,105.0
26292,60.0
18102,75.0
9912,-95.0
1722,70.0
26299,95.0
18109,100.0
9919,-105.0
1729,75.0
26306,-105.0
18116,65.0
9926,80.0
1736,55.0
26313,100.0
18123,105.0
9933,65.0
1743,30.0
26320,145.0
18130,75.0
9940,15.0
1750,90.0
26327,120.0
18137,75.0
9947,55.0
1757,130.0
26334,110.0
18144,100.0
9954,15.0
1764,-130.0
26341,60.0
18151,65.0
9961,-70.0
1771,80.0
26348,125.0
18158,75.0
9968,125.0
1778,70.0
26355,60.0
18165,95.0
9975,105.0
1785,110.0
26362,90.0
18172,75.0
9982,-90.0
1792,75.0
26369,-130.0
18179,30.0
9989,80.0
1799,95.0
26376,105.0
18186,110.0
9996,65.0
1806,90.0
26383,35.0
18193,30.0
10003,85.0
1813,55.0
26390,165.0
18200,60.0
10010,80.0
1820,90.0
26397,-75.0
18207,100.0
10017,65.0
1827,20.0
26404,75.0
18214,110.0
10024,80.0
1834,95.0
26411,85.0
18221,25.0
10031,155.0
1841,95.0
26418,70.0
18228,75.0
10038,100.0
1848,90.0
26425,35.0
18235,-95.0
10045,90.0
1855,70.0
26432,160.0
18242,100.0
10052,65.0
1862,15.0
26439,60.0
18249,100.0
10059,-45.0
1869,120.0
26446,90.0
18256,-90.0
10066,90.0
1876,105.0
26453,90.0
18263,100.0
10073,115.0
1883,125.0
26460,120.0
18270,85.0
10080,60.0
1890,-105.0
26467,60.0
18277,95.0
10087,110.0
1897,-140.0
26474,75.0
18284,15.0
10094,-100.0
1904,120.0
26481,100.0
18291,85.0
10101,100.0
1911,120.0
26488,90.0
18298,-70.0
10108,100.0
1918,-120.0
26495,35.0
18305,-85.0
10115,100.0
1925,80.0
26502,90.0
18312,90.0
10122,70.0
1932,-120.0
26509,70.0
18319,80.0
10129,90.0
1939,-120.0
26516,65.0
18326,80.0
10136,95.0
1946,-80.0
26523,80.0
18333,-110.0
10143,70.0
1953,20.0
26530,100.0
18340,15.0
10150,90.0
1960,35.0
26537,45.0
18347,70.0
10157,125.0
1967,75.0
26544,95.0
18354,70.0
10164,-105.0
1974,85.0
26551,95.0
18361,-125.0
10171,75.0
1981,15.0
26558,80.0
18368,70.0
10178,110.0
1988,65.0
26565,130.0
18375,60.0
10185,115.0
1995,105.0
26572,45.0
18382,105.0
10192,115.0
2002,105.0
26579,90.0
18389,-70.0
10199,90.0
2009,90.0
26586,105.0
18396,60.0
10206,90.0
2016,-90.0
26593,-105.0
18403,45.0
10213,145.0
2023,95.0
26600,115.0
18410,65.0
10220,85.0
2030,15.0
26607,65.0
18417,80.0
10227,75.0
2037,90.0
26614,60.0
18424,115.0
10234,95.0
2044,100.0
26621,70.0
18431,85.0
10241,75.0
2051,65.0
26628,100.0
18438,80.0
10248,100.0
2058,115.0
26635,110.0
18445,-85.0
10255,85.0
2065,105.0
26642,35.0
18452,-85.0
10262,105.0
2072,120.0
26649,75.0
18459,-70.0
10269,85.0
2079,-120.0
26656,-105.0
18466,115.0
10276,80.0
2086,95.0
26663,-115.0
18473,95.0
10283,-80.0
2093,70.0
26670,85.0
18480,60.0
10290,100.0
2100,90.0
26677,130.0
18487,70.0
10297,75.0
2107,120.0
26684,85.0
18494,25.0
10304,80.0
2114,95.0
26691,100.0
18501,70.0
10311,100.0
2121,90.0
26698,-110.0
18508,85.0
10318,70.0
2128,105.0
26705,-100.0
18515,85.0
10325,115.0
2135,70.0
26712,110.0
18522,105.0
10332,120.0
2142,95.0
26719,95.0
18529,160.0
10339,80.0
2149,75.0
26726,95.0
18536,115.0
10346,90.0
2156,90.0
26733,105.0
18543,100.0
10353,120.0
2163,70.0
26740,100.0
18550,100.0
10360,-120.0
2170,40.0
26747,60.0
18557,25.0
10367,90.0
2177,50.0
26754,5.0
18564,75.0
10374,-120.0
2184,65.0
26761,30.0
18571,120.0
10381,75.0
2191,100.0
26768,85.0
18578,60.0
10388,75.0
2198,20.0
26775,115.0
18585,60.0
10395,20.0
2205,55.0
26782,95.0
18592,115.0
10402,75.0
2212,120.0
26789,-100.0
18599,-100.0
10409,90.0
2219,115.0
26796,45.0
18606,-100.0
10416,95.0
2226,105.0
26803,60.0
18613,90.0
10423,60.0
2233,110.0
26810,-80.0
18620,120.0
10430,75.0
2240,20.0
26817,90.0
18627,80.0
10437,60.0
2247,110.0
26824,-70.0
18634,80.0
10444,80.0
2254,55.0
26831,90.0
18641,90.0
10451,75.0
2261,135.0
26838,65.0
18648,-90.0
10458,15.0
2268,70.0
26845,75.0
18655,100.0
10465,85.0
2275,110.0
26852,75.0
18662,135.0
10472,60.0
2282,65.0
26859,95.0
18669,110.0
10479,75.0
2289,50.0
26866,105.0
18676,65.0
10486,120.0
2296,75.0
26873,120.0
18683,125.0
10493,80.0
2303,75.0
26880,70.0
18690,135.0
10500,80.0
2310,100.0
26887,75.0
18697,65.0
10507,100.0
2317,20.0
26894,80.0
18704,75.0
10514,110.0
2324,75.0
26901,110.0
18711,100.0
10521,65.0
2331,85.0
26908,110.0
18718,90.0
10528,75.0
2338,90.0
26915,80.0
18725,-75.0
10535,55.0
2345,95.0
26922,80.0
18732,70.0
10542,70.0
2352,95.0
26929,80.0
18739,35.0
10549,-65.0
2359,80.0
26936,100.0
18746,60.0
10556,45.0
2366,115.0
26943,-90.0
18753,100.0
10563,60.0
2373,110.0
26950,70.0
18760,60.0
10570,110.0
2380,70.0
26957,70.0
18767,110.0
10577,-110.0
2387,70.0
26964,70.0
18774,100.0
10584,110.0
2394,20.0
26971,35.0
18781,85.0
10591,110.0
2401,95.0
26978,-75.0
18788,-85.0
10598,45.0
2408,95.0
26985,-70.0
18795,85.0
10605,70.0
2415,80.0
26992,90.0
18802,95.0
10612,100.0
2422,65.0
26999,90.0
18809,95.0
10619,120.0
2429,70.0
27006,85.0
18816,105.0
10626,100.0
2436,90.0
27013,80.0
18823,110.0
10633,75.0
2443,-95.0
27020,-110.0
18830,-45.0
10640,90.0
2450,120.0
27027,110.0
18837,95.0
10647,85.0
2457,85.0
27034,70.0
18844,70.0
10654,70.0
2464,70.0
27041,110.0
18851,100.0
10661,90.0
2471,-80.0
27048,70.0
18858,100.0
10668,100.0
2478,80.0
27055,110.0
18865,60.0
10675,85.0
2485,105.0
27062,105.0
18872,-90.0
10682,55.0
2492,95.0
27069,-105.0
18879,90.0
10689,70.0
2499,70.0
27076,-75.0
18886,-90.0
10696,40.0
2506,80.0
27083,40.0
18893,110.0
10703,20.0
2513,-105.0
27090,15.0
18900,-70.0
10710,95.0
2520,55.0
27097,-125.0
18907,35.0
10717,25.0
2527,100.0
27104,-75.0
18914,110.0
10724,100.0
2534,55.0
27111,85.0
18921,70.0
10731,75.0
2541,90.0
27118,55.0
18928,-70.0
10738,85.0
2548,105.0
27125,-90.0
18935,100.0
10745,85.0
2555,90.0
27132,75.0
18942,90.0
10752,110.0
2562,75.0
27139,65.0
18949,85.0
10759,80.0
2569,95.0
27146,120.0
18956,-110.0
10766,80.0
2576,80.0
27153,-135.0
18963,-95.0
10773,80.0
2583,75.0
27160,75.0
18970,-80.0
10780,105.0
2590,115.0
27167,70.0
18977,105.0
10787,70.0
2597,-105.0
27174,90.0
18984,115.0
10794,70.0
2604,-130.0
27181,75.0
18991,40.0
10801,100.0
2611,60.0
27188,-45.0
18998,100.0
10808,-110.0
2618,-105.0
27195,90.0
19005,100.0
10815,-95.0
2625,-60.0
27202,130.0
19012,100.0
10822,105.0
2632,70.0
27209,65.0
19019,110.0
10829,85.0
2639,75.0
27216,110.0
19026,75.0
10836,105.0
2646,95.0
27223,100.0
19033,120.0
10843,110.0
2653,70.0
27230,65.0
19040,110.0
10850,70.0
2660,-110.0
27237,100.0
19047,70.0
10857,70.0
2667,-100.0
27244,85.0
19054,45.0
10864,135.0
2674,65.0
27251,90.0
19061,105.0
10871,70.0
2681,60.0
27258,10.0
19068,70.0
10878,110.0
2688,80.0
27265,-115.0
19075,115.0
10885,85.0
2695,-55.0
27272,75.0
19082,75.0
10892,85.0
2702,90.0
27279,-110.0
19089,-65.0
10899,115.0
2709,115.0
27286,-20.0
19096,120.0
10906,100.0
2716,85.0
27293,125.0
19103,95.0
10913,-65.0
2723,100.0
27300,115.0
19110,85.0
10920,60.0
2730,65.0
27307,135.0
19117,140.0
10927,120.0
2737,75.0
27314,135.0
19124,-85.0
10934,45.0
2744,-55.0
27321,105.0
19131,60.0
10941,120.0
2751,60.0
27328,-140.0
19138,-85.0
10948,120.0
2758,-85.0
27335,80.0
19145,115.0
10955,75.0
2765,25.0
27342,150.0
19152,115.0
10962,90.0
2772,100.0
27349,40.0
19159,60.0
10969,105.0
2779,-85.0
27356,65.0
19166,95.0
10976,65.0
2786,55.0
27363,115.0
19173,60.0
10983,20.0
2793,115.0
27370,115.0
19180,100.0
10990,50.0
2800,85.0
27377,-110.0
19187,105.0
10997,30.0
2807,60.0
27384,55.0
19194,115.0
11004,75.0
2814,110.0
27391,90.0
19201,100.0
11011,75.0
2821,55.0
27398,90.0
19208,-100.0
11018,15.0
2828,-135.0
27405,25.0
19215,-90.0
11025,-105.0
2835,95.0
27412,-80.0
19222,90.0
11032,30.0
2842,45.0
27419,-105.0
19229,105.0
11039,75.0
2849,105.0
27426,105.0
19236,100.0
11046,85.0
2856,100.0
27433,95.0
19243,115.0
11053,70.0
2863,70.0
27440,60.0
19250,45.0
11060,90.0
2870,110.0
27447,80.0
19257,105.0
11067,80.0
2877,-90.0
27454,130.0
19264,75.0
11074,115.0
2884,-40.0
27461,55.0
19271,105.0
11081,80.0
2891,-75.0
27468,90.0
19278,80.0
11088,75.0
2898,80.0
27475,-85.0
19285,90.0
11095,115.0
2905,70.0
27482,105.0
19292,110.0
11102,75.0
2912,110.0
27489,80.0
19299,70.0
11109,5.0
2919,90.0
27496,-70.0
19306,85.0
11116,95.0
2926,90.0
27503,140.0
19313,75.0
11123,85.0
2933,100.0
27510,-85.0
19320,30.0
11130,75.0
2940,90.0
27517,-55.0
19327,70.0
11137,100.0
2947,75.0
27524,85.0
19334,80.0
11144,85.0
2954,85.0
27531,135.0
19341,120.0
11151,110.0
2961,120.0
27538,-125.0
19348,70.0
11158,95.0
2968,95.0
27545,100.0
19355,140.0
11165,120.0
2975,105.0
27552,-85.0
19362,85.0
11172,100.0
2982,105.0
27559,-90.0
19369,100.0
11179,160.0
2989,75.0
27566,110.0
19376,95.0
11186,185.0
2996,80.0
27573,70.0
19383,95.0
11193,65.0
3003,115.0
27580,105.0
19390,70.0
11200,60.0
3010,-65.0
27587,125.0
19397,90.0
11207,60.0
3017,85.0
27594,75.0
19404,-100.0
11214,60.0
3024,85.0
27601,-90.0
19411,25.0
11221,30.0
3031,100.0
27608,85.0
19418,100.0
11228,65.0
3038,-55.0
27615,-90.0
19425,100.0
11235,65.0
3045,75.0
27622,100.0
19432,90.0
11242,35.0
3052,105.0
27629,-65.0
19439,95.0
11249,-70.0
3059,85.0
27636,130.0
19446,110.0
11256,40.0
3066,85.0
27643,95.0
19453,105.0
11263,90.0
3073,100.0
27650,140.0
19460,80.0
11270,90.0
3080,-80.0
27657,80.0
19467,90.0
11277,110.0
3087,-75.0
27664,85.0
19474,115.0
11284,40.0
3094,120.0
27671,100.0
19481,90.0
11291,115.0
3101,100.0
27678,95.0
19488,90.0
11298,70.0
3108,110.0
27685,100.0
19495,120.0
11305,60.0
3115,110.0
27692,105.0
19502,80.0
11312,-60.0
3122,120.0
27699,115.0
19509,80.0
11319,85.0
3129,75.0
27706,60.0
19516,-40.0
11326,60.0
3136,-75.0
27713,-90.0
19523,110.0
11333,30.0
3143,75.0
27720,-95.0
19530,100.0
11340,90.0
3150,60.0
27727,100.0
19537,50.0
11347,70.0
3157,-90.0
27734,60.0
19544,-100.0
11354,95.0
3164,90.0
27741,85.0
19551,60.0
11361,110.0
3171,40.0
27748,70.0
19558,90.0
11368,110.0
3178,60.0
27755,75.0
19565,105.0
11375,105.0
3185,75.0
27762,90.0
19572,-95.0
11382,75.0
3192,-50.0
27769,-30.0
19579,-95.0
11389,85.0
3199,85.0
27776,75.0
19586,95.0
11396,130.0
3206,85.0
27783,125.0
19593,60.0
11403,55.0
3213,85.0
27790,100.0
19600,50.0
11410,90.0
3220,75.0
27797,90.0
19607,95.0
11417,105.0
3227,50.0
27804,-40.0
19614,110.0
11424,110.0
3234,60.0
27811,85.0
19621,110.0
11431,130.0
3241,-105.0
27818,40.0
19628,-100.0
11438,90.0
3248,-85.0
27825,80.0
19635,100.0
11445,-105.0
3255,-70.0
27832,75.0
19642,75.0
11452,95.0
3262,30.0
27839,120.0
19649,100.0
11459,85.0
3269,90.0
27846,-75.0
19656,70.0
11466,70.0
3276,90.0
27853,120.0
19663,-105.0
11473,90.0
3283,115.0
27860,-80.0
19670,65.0
11480,90.0
3290,-60.0
27867,60.0
19677,85.0
11487,120.0
3297,110.0
27874,125.0
19684,100.0
11494,105.0
3304,100.0
27881,130.0
19691,95.0
11501,105.0
3311,70.0
27888,115.0
19698,80.0
11508,110.0
3318,95.0
27895,115.0
19705,90.0
11515,70.0
3325,-75.0
27902,80.0
19712,90.0
11522,100.0
3332,70.0
27909,75.0
19719,80.0
11529,95.0
3339,110.0
27916,100.0
19726,95.0
11536,95.0
3346,95.0
27923,75.0
19733,105.0
11543,-75.0
3353,-90.0
27930,70.0
19740,45.0
11550,100.0
3360,125.0
27937,60.0
19747,45.0
11557,100.0
3367,120.0
27944,-155.0
19754,-45.0
11564,100.0
3374,120.0
27951,95.0
19761,75.0
11571,100.0
3381,-80.0
27958,125.0
19768,75.0
11578,20.0
3388,120.0
27965,-105.0
19775,75.0
11585,110.0
3395,120.0
27972,100.0
19782,50.0
11592,75.0
3402,-120.0
27979,80.0
19789,90.0
11599,130.0
3409,120.0
27986,165.0
19796,105.0
11606,100.0
3416,110.0
27993,170.0
19803,110.0
11613,55.0
3423,-45.0
28000,100.0
19810,105.0
11620,70.0
3430,-45.0
28007,135.0
19817,85.0
11627,75.0
3437,-45.0
28014,90.0
19824,75.0
11634,70.0
3444,120.0
28021,-95.0
19831,100.0
11641,65.0
3451,-120.0
28028,105.0
19838,-65.0
11648,-120.0
3458,120.0
28035,50.0
19845,-40.0
11655,70.0
3465,-105.0
28042,115.0
19852,105.0
11662,70.0
3472,90.0
28049,100.0
19859,-110.0
11669,70.0
3479,120.0
28056,-25.0
19866,75.0
11676,40.0
3486,115.0
28063,-40.0
19873,15.0
11683,90.0
3493,115.0
28070,-115.0
19880,85.0
11690,80.0
3500,70.0
28077,90.0
19887,130.0
11697,80.0
3507,80.0
28084,80.0
19894,70.0
11704,120.0
3514,75.0
28091,105.0
19901,70.0
11711,120.0
3521,90.0
28098,-125.0
19908,25.0
11718,90.0
3528,70.0
28105,65.0
19915,60.0
11725,55.0
3535,85.0
28112,70.0
19922,40.0
11732,110.0
3542,-150.0
28119,70.0
19929,-110.0
11739,95.0
3549,85.0
28126,95.0
19936,95.0
11746,-45.0
3556,100.0
28133,105.0
19943,75.0
11753,115.0
3563,-120.0
28140,105.0
19950,95.0
11760,90.0
3570,100.0
28147,-100.0
19957,75.0
11767,60.0
3577,100.0
28154,100.0
19964,100.0
11774,90.0
3584,-135.0
28161,100.0
19971,60.0
11781,65.0
3591,115.0
28168,115.0
19978,100.0
11788,95.0
3598,-70.0
28175,105.0
19985,95.0
11795,-120.0
3605,60.0
28182,130.0
19992,120.0
11802,90.0
3612,95.0
28189,130.0
19999,75.0
11809,110.0
3619,100.0
28196,75.0
20006,145.0
11816,100.0
3626,120.0
28203,-110.0
20013,-40.0
11823,75.0
3633,15.0
28210,-60.0
20020,70.0
11830,105.0
3640,-70.0
28217,115.0
20027,135.0
11837,60.0
3647,-70.0
28224,90.0
20034,85.0
11844,115.0
3654,70.0
28231,80.0
20041,85.0
11851,-80.0
3661,90.0
28238,-45.0
20048,80.0
11858,95.0
3668,-80.0
28245,115.0
20055,115.0
11865,90.0
3675,55.0
28252,75.0
20062,70.0
11872,90.0
3682,100.0
28259,70.0
20069,115.0
11879,115.0
3689,100.0
28266,105.0
20076,70.0
11886,85.0
3696,105.0
28273,-165.0
20083,45.0
11893,90.0
3703,-50.0
28280,-115.0
20090,-45.0
11900,70.0
3710,80.0
28287,100.0
20097,125.0
11907,70.0
3717,105.0
28294,-165.0
20104,115.0
11914,85.0
3724,95.0
28301,-90.0
20111,115.0
11921,95.0
3731,-105.0
28308,50.0
20118,115.0
11928,100.0
3738,20.0
28315,110.0
20125,65.0
11935,100.0
3745,70.0
28322,60.0
20132,40.0
11942,95.0
3752,-30.0
28329,-145.0
20139,110.0
11949,85.0
3759,130.0
28336,85.0
20146,-120.0
11956,135.0
3766,120.0
28343,120.0
20153,30.0
11963,90.0
3773,15.0
28350,-85.0
20160,75.0
11970,75.0
3780,120.0
28357,100.0
20167,95.0
11977,80.0
3787,70.0
28364,100.0
20174,100.0
11984,80.0
3794,110.0
28371,100.0
20181,105.0
11991,80.0
3801,80.0
28378,70.0
20188,75.0
11998,105.0
3808,100.0
28385,115.0
20195,85.0
12005,135.0
3815,120.0
28392,115.0
20202,105.0
12012,55.0
3822,30.0
28399,-70.0
20209,85.0
12019,100.0
3829,90.0
28406,70.0
20216,30.0
12026,10.0
3836,90.0
28413,-155.0
20223,90.0
12033,100.0
3843,95.0
28420,145.0
20230,90.0
12040,95.0
3850,-75.0
28427,-120.0
20237,75.0
12047,105.0
3857,-100.0
28434,-135.0
20244,100.0
12054,65.0
3864,-110.0
28441,45.0
20251,90.0
12061,-55.0
3871,75.0
28448,-80.0
20258,85.0
12068,80.0
3878,15.0
28455,75.0
20265,100.0
12075,90.0
3885,-140.0
28462,60.0
20272,85.0
12082,110.0
3892,75.0
28469,55.0
20279,10.0
12089,100.0
3899,95.0
28476,90.0
20286,10.0
12096,110.0
3906,105.0
28483,65.0
20293,10.0
12103,75.0
3913,-85.0
28490,90.0
20300,60.0
12110,70.0
3920,80.0
28497,115.0
20307,95.0
12117,45.0
3927,85.0
28504,115.0
20314,65.0
12124,165.0
3934,55.0
28511,65.0
20321,80.0
12131,70.0
3941,55.0
28518,-100.0
20328,105.0
12138,105.0
3948,55.0
28525,95.0
20335,50.0
12145,90.0
3955,85.0
28532,55.0
20342,70.0
12152,70.0
3962,55.0
28539,110.0
20349,40.0
12159,5.0
3969,105.0
28546,85.0
20356,85.0
12166,145.0
3976,10.0
28553,105.0
20363,100.0
12173,15.0
3983,85.0
28560,85.0
20370,-100.0
12180,120.0
3990,75.0
28567,95.0
20377,105.0
12187,80.0
3997,100.0
28574,95.0
20384,-65.0
12194,100.0
4004,20.0
28581,105.0
20391,-75.0
12201,100.0
4011,-65.0
28588,70.0
20398,-100.0
12208,-115.0
4018,105.0
28595,110.0
20405,-120.0
12215,15.0
4025,-90.0
28602,125.0
20412,70.0
12222,70.0
4032,75.0
28609,95.0
20419,105.0
12229,100.0
4039,90.0
28616,100.0
20426,105.0
12236,90.0
4046,85.0
28623,5.0
20433,75.0
12243,110.0
4053,70.0
28630,135.0
20440,90.0
12250,115.0
4060,85.0
28637,115.0
20447,-105.0
12257,120.0
4067,85.0
28644,75.0
20454,60.0
12264,120.0
4074,-90.0
28651,95.0
20461,90.0
12271,75.0
4081,-90.0
28658,75.0
20468,85.0
12278,100.0
4088,-35.0
28665,130.0
20475,120.0
12285,-95.0
4095,-55.0
28672,75.0
20482,70.0
12292,80.0
4102,75.0
28679,-90.0
20489,160.0
12299,80.0
4109,40.0
28686,75.0
20496,110.0
12306,-80.0
4116,105.0
28693,-100.0
20503,90.0
12313,115.0
4123,45.0
28700,60.0
20510,90.0
12320,105.0
4130,-105.0
28707,70.0
20517,75.0
12327,120.0
4137,105.0
28714,100.0
20524,35.0
12334,105.0
4144,60.0
28721,105.0
20531,80.0
12341,65.0
4151,85.0
28728,-85.0
20538,115.0
12348,85.0
4158,100.0
28735,110.0
20545,100.0
12355,165.0
4165,30.0
28742,120.0
20552,75.0
12362,80.0
4172,100.0
28749,30.0
20559,105.0
12369,85.0
4179,90.0
28756,90.0
20566,-70.0
12376,90.0
4186,50.0
28763,160.0
20573,110.0
12383,115.0
4193,85.0
28770,85.0
20580,110.0
12390,100.0
4200,-110.0
28777,120.0
20587,100.0
12397,120.0
4207,90.0
28784,120.0
20594,105.0
12404,70.0
4214,70.0
28791,85.0
20601,105.0
12411,75.0
4221,40.0
28798,105.0
20608,110.0
12418,95.0
4228,100.0
28805,105.0
20615,50.0
12425,120.0
4235,-40.0
28812,120.0
20622,90.0
12432,55.0
4242,105.0
28819,75.0
20629,-75.0
12439,125.0
4249,80.0
28826,75.0
20636,80.0
12446,-75.0
4256,80.0
28833,100.0
20643,45.0
12453,110.0
4263,120.0
28840,-45.0
20650,65.0
12460,105.0
4270,95.0
28847,85.0
20657,-75.0
12467,50.0
4277,120.0
28854,110.0
20664,85.0
12474,90.0
4284,120.0
28861,120.0
20671,75.0
12481,-90.0
4291,90.0
28868,100.0
20678,115.0
12488,30.0
4298,65.0
28875,115.0
20685,80.0
12495,85.0
4305,40.0
28882,140.0
20692,-60.0
12502,130.0
4312,150.0
28889,105.0
20699,85.0
12509,100.0
4319,-40.0
28896,55.0
20706,85.0
12516,100.0
4326,65.0
28903,65.0
20713,75.0
12523,115.0
4333,145.0
28910,65.0
20720,120.0
12530,60.0
4340,85.0
28917,85.0
20727,90.0
12537,110.0
4347,85.0
28924,75.0
20734,80.0
12544,20.0
4354,115.0
28931,105.0
20741,70.0
12551,-70.0
4361,55.0
28938,90.0
20748,30.0
12558,120.0
4368,165.0
28945,80.0
20755,-85.0
12565,120.0
4375,100.0
28952,-65.0
20762,-55.0
12572,65.0
4382,60.0
28959,140.0
20769,85.0
12579,-100.0
4389,85.0
28966,-65.0
20776,-85.0
12586,85.0
4396,115.0
28973,80.0
20783,-85.0
12593,-50.0
4403,-65.0
28980,105.0
20790,-90.0
12600,65.0
4410,150.0
28987,-65.0
20797,100.0
12607,100.0
4417,60.0
28994,95.0
20804,105.0
12614,95.0
4424,-135.0
29001,105.0
20811,130.0
12621,-70.0
4431,-110.0
29008,120.0
20818,-100.0
12628,85.0
4438,-65.0
29015,-160.0
20825,30.0
12635,60.0
4445,40.0
29022,115.0
20832,95.0
12642,105.0
4452,95.0
29029,85.0
20839,65.0
12649,130.0
4459,50.0
29036,135.0
20846,70.0
12656,115.0
4466,65.0
29043,90.0
20853,60.0
12663,60.0
4473,-85.0
29050,-95.0
20860,110.0
12670,80.0
4480,70.0
29057,-70.0
20867,-65.0
12677,70.0
4487,70.0
29064,120.0
20874,-90.0
12684,95.0
4494,70.0
29071,130.0
20881,-85.0
12691,90.0
4501,85.0
29078,100.0
20888,80.0
12698,95.0
4508,60.0
29085,120.0
20895,-75.0
12705,75.0
4515,85.0
29092,80.0
20902,-75.0
12712,90.0
4522,75.0
29099,80.0
20909,100.0
12719,85.0
4529,-110.0
29106,-80.0
20916,70.0
12726,110.0
4536,-15.0
29113,160.0
20923,65.0
12733,65.0
4543,-115.0
29120,50.0
20930,95.0
12740,105.0
4550,-115.0
29127,90.0
20937,75.0
12747,70.0
4557,110.0
29134,100.0
20944,130.0
12754,105.0
4564,115.0
29141,85.0
20951,70.0
12761,-90.0
4571,10.0
29148,155.0
20958,160.0
12768,-85.0
4578,120.0
29155,120.0
20965,85.0
12775,-65.0
4585,90.0
29162,155.0
20972,90.0
12782,95.0
4592,85.0
29169,60.0
20979,60.0
12789,90.0
4599,95.0
29176,-125.0
20986,-85.0
12796,85.0
4606,-100.0
29183,85.0
20993,-60.0
12803,80.0
4613,145.0
29190,-95.0
21000,80.0
12810,95.0
4620,55.0
29197,90.0
21007,95.0
12817,100.0
4627,100.0
29204,-110.0
21014,55.0
12824,110.0
4634,105.0
29211,85.0
21021,40.0
12831,45.0
4641,-150.0
29218,120.0
21028,120.0
12838,95.0
4648,-60.0
29225,100.0
21035,80.0
12845,80.0
4655,60.0
29232,100.0
21042,60.0
12852,60.0
4662,105.0
29239,60.0
21049,110.0
12859,90.0
4669,-110.0
29246,110.0
21056,45.0
12866,60.0
4676,50.0
29253,125.0
21063,20.0
12873,95.0
4683,15.0
29260,-50.0
21070,110.0
12880,80.0
4690,110.0
29267,130.0
21077,-35.0
12887,100.0
4697,80.0
29274,140.0
21084,-85.0
12894,100.0
4704,80.0
29281,120.0
21091,110.0
12901,90.0
4711,55.0
29288,75.0
21098,-65.0
12908,110.0
4718,75.0
29295,75.0
21105,120.0
12915,70.0
4725,90.0
29302,-90.0
21112,-80.0
12922,100.0
4732,115.0
29309,-115.0
21119,55.0
12929,120.0
4739,110.0
29316,-90.0
21126,140.0
12936,95.0
4746,-75.0
29323,85.0
21133,85.0
12943,-110.0
4753,90.0
29330,115.0
21140,120.0
12950,55.0
4760,90.0
29337,100.0
21147,75.0
12957,85.0
4767,55.0
29344,-65.0
21154,-75.0
12964,90.0
4774,75.0
29351,170.0
21161,105.0
12971,90.0
4781,85.0
29358,55.0
21168,60.0
12978,15.0
4788,85.0
29365,-115.0
21175,100.0
12985,105.0
4795,130.0
29372,75.0
21182,100.0
12992,-25.0
4802,85.0
29379,80.0
21189,50.0
12999,105.0
4809,-75.0
29386,50.0
21196,100.0
13006,-85.0
4816,80.0
29393,75.0
21203,115.0
13013,105.0
4823,130.0
29400,55.0
21210,20.0
13020,80.0
4830,95.0
29407,-150.0
21217,25.0
13027,110.0
4837,95.0
29414,110.0
21224,70.0
13034,75.0
4844,110.0
29421,85.0
21231,95.0
13041,110.0
4851,70.0
29428,100.0
21238,90.0
13048,25.0
4858,85.0
29435,-135.0
21245,-85.0
13055,100.0
4865,65.0
29442,-135.0
21252,100.0
13062,90.0
4872,80.0
29449,130.0
21259,90.0
13069,135.0
4879,95.0
29456,150.0
21266,45.0
13076,125.0
4886,70.0
29463,135.0
21273,75.0
13083,70.0
4893,-100.0
29470,125.0
21280,35.0
13090,90.0
4900,-100.0
29477,-25.0
21287,95.0
13097,70.0
4907,95.0
29484,-155.0
21294,110.0
13104,100.0
4914,55.0
29491,-70.0
21301,85.0
13111,100.0
4921,70.0
29498,35.0
21308,45.0
13118,-35.0
4928,20.0
29505,-70.0
21315,-35.0
13125,110.0
4935,70.0
29512,-105.0
21322,95.0
13132,70.0
4942,100.0
29519,-45.0
21329,90.0
13139,70.0
4949,105.0
29526,-85.0
21336,55.0
13146,60.0
4956,105.0
29533,-45.0
21343,65.0
13153,60.0
4963,105.0
29540,145.0
21350,65.0
13160,15.0
4970,65.0
29547,60.0
21357,30.0
13167,85.0
4977,-60.0
29554,110.0
21364,120.0
13174,-105.0
4984,-95.0
29561,-60.0
21371,35.0
13181,95.0
4991,75.0
29568,65.0
21378,95.0
13188,50.0
4998,-65.0
29575,-90.0
21385,-85.0
13195,65.0
5005,-105.0
29582,85.0
21392,30.0
13202,110.0
5012,120.0
29589,-60.0
21399,95.0
13209,55.0
5019,65.0
29596,145.0
21406,50.0
13216,90.0
5026,45.0
29603,-160.0
21413,90.0
13223,-135.0
5033,60.0
29610,-175.0
21420,120.0
13230,-105.0
5040,70.0
29617,-105.0
21427,-120.0
13237,55.0
5047,25.0
29624,-65.0
21434,45.0
13244,100.0
5054,45.0
29631,85.0
21441,65.0
13251,95.0
5061,85.0
29638,80.0
21448,65.0
13258,105.0
5068,70.0
29645,80.0
21455,90.0
13265,-70.0
5075,55.0
29652,-85.0
21462,20.0
13272,70.0
5082,-105.0
29659,-115.0
21469,-120.0
13279,70.0
5089,75.0
29666,80.0
21476,60.0
13286,-80.0
5096,75.0
29673,-75.0
21483,75.0
13293,-95.0
5103,100.0
29680,90.0
21490,100.0
13300,-105.0
5110,-55.0
29687,115.0
21497,50.0
13307,-110.0
5117,75.0
29694,110.0
21504,90.0
13314,100.0
5124,75.0
29701,70.0
21511,120.0
13321,45.0
5131,60.0
29708,-105.0
21518,-60.0
13328,55.0
5138,75.0
29715,-105.0
21525,85.0
13335,75.0
5145,105.0
29722,-50.0
21532,-100.0
13342,100.0
5152,95.0
29729,120.0
21539,105.0
13349,-110.0
5159,70.0
29736,105.0
21546,115.0
13356,75.0
5166,75.0
29743,-75.0
21553,60.0
13363,70.0
5173,35.0
29750,85.0
21560,10.0
13370,100.0
5180,-80.0
29757,95.0
21567,70.0
13377,70.0
5187,75.0
29764,80.0
21574,110.0
13384,65.0
5194,50.0
29771,100.0
21581,90.0
13391,-110.0
5201,95.0
29778,130.0
21588,-90.0
13398,-100.0
5208,100.0
29785,80.0
21595,110.0
13405,75.0
5215,60.0
29792,60.0
21602,-55.0
13412,100.0
5222,100.0
29799,80.0
21609,100.0
13419,75.0
5229,-90.0
29806,80.0
21616,155.0
13426,105.0
5236,105.0
29813,-85.0
21623,30.0
13433,85.0
5243,115.0
29820,80.0
21630,35.0
13440,80.0
5250,110.0
29827,100.0
21637,60.0
13447,45.0
5257,50.0
29834,95.0
21644,90.0
13454,60.0
5264,60.0
29841,90.0
21651,-40.0
13461,100.0
5271,70.0
29848,80.0
21658,-40.0
13468,75.0
5278,90.0
29855,95.0
21665,80.0
13475,100.0
5285,70.0
29862,110.0
21672,95.0
13482,100.0
5292,90.0
29869,110.0
21679,60.0
13489,70.0
5299,75.0
29876,100.0
21686,85.0
13496,110.0
5306,50.0
29883,90.0
21693,55.0
13503,105.0
5313,120.0
29890,65.0
21700,45.0
13510,25.0
5320,-105.0
29897,50.0
21707,65.0
13517,105.0
5327,90.0
29904,85.0
21714,10.0
13524,105.0
5334,-90.0
29911,65.0
21721,95.0
13531,80.0
5341,90.0
29918,115.0
21728,-80.0
13538,105.0
5348,90.0
29925,115.0
21735,70.0
13545,20.0
5355,105.0
29932,115.0
21742,60.0
13552,80.0
5362,-70.0
29939,75.0
21749,100.0
13559,100.0
5369,40.0
29946,-65.0
21756,145.0
13566,110.0
5376,80.0
29953,100.0
21763,115.0
13573,65.0
5383,-30.0
29960,110.0
21770,65.0
13580,75.0
5390,-70.0
29967,90.0
21777,120.0
13587,105.0
5397,70.0
29974,55.0
21784,85.0
13594,95.0
5404,70.0
29981,55.0
21791,55.0
13601,95.0
5411,-85.0
29988,95.0
21798,60.0
13608,45.0
5418,5.0
29995,110.0
21805,45.0
13615,60.0
5425,120.0
30002,60.0
21812,70.0
13622,45.0
5432,-85.0
30009,120.0
21819,60.0
13629,80.0
5439,60.0
30016,100.0
21826,40.0
13636,80.0
5446,-45.0
30023,105.0
21833,75.0
13643,35.0
5453,-45.0
30030,90.0
21840,110.0
13650,85.0
5460,-80.0
30037,30.0
21847,-90.0
13657,80.0
5467,-90.0
30044,70.0
21854,110.0
13664,75.0
5474,-80.0
30051,85.0
21861,110.0
13671,75.0
5481,-80.0
30058,-105.0
21868,-110.0
13678,115.0
5488,100.0
30065,125.0
21875,-90.0
13685,100.0
5495,-100.0
30072,60.0
21882,35.0
13692,50.0
5502,100.0
30079,20.0
21889,100.0
13699,50.0
5509,80.0
30086,70.0
21896,100.0
13706,35.0
5516,80.0
30093,85.0
21903,95.0
13713,15.0
5523,80.0
30100,-105.0
21910,100.0
13720,90.0
5530,85.0
30107,120.0
21917,80.0
13727,110.0
5537,75.0
30114,100.0
21924,80.0
13734,70.0
5544,-65.0
30121,105.0
21931,80.0
13741,90.0
5551,85.0
30128,100.0
21938,105.0
13748,15.0
5558,75.0
30135,115.0
21945,25.0
13755,95.0
5565,80.0
30142,60.0
21952,85.0
13762,-20.0
5572,-115.0
30149,85.0
21959,70.0
13769,120.0
5579,90.0
30156,90.0
21966,95.0
13776,75.0
5586,100.0
30163,60.0
21973,85.0
13783,80.0
5593,60.0
30170,5.0
21980,85.0
13790,100.0
5600,15.0
30177,-100.0
21987,65.0
13797,115.0
5607,105.0
30184,80.0
21994,95.0
13804,25.0
5614,45.0
30191,100.0
22001,65.0
13811,115.0
5621,125.0
30198,75.0
22008,60.0
13818,85.0
5628,100.0
30205,115.0
22015,70.0
13825,85.0
5635,95.0
30212,65.0
22022,80.0
13832,70.0
5642,120.0
30219,105.0
22029,25.0
13839,75.0
5649,45.0
30226,105.0
22036,45.0
13846,95.0
5656,80.0
30233,65.0
22043,-140.0
13853,90.0
5663,75.0
30240,30.0
22050,35.0
13860,-90.0
5670,30.0
30247,50.0
22057,85.0
13867,100.0
5677,70.0
30254,95.0
22064,50.0
13874,70.0
5684,-70.0
30261,90.0
22071,75.0
13881,70.0
5691,120.0
30268,75.0
22078,100.0
13888,90.0
5698,-75.0
30275,65.0
22085,105.0
13895,75.0
5705,80.0
30282,85.0
22092,60.0
13902,-115.0
5712,120.0
30289,100.0
22099,105.0
13909,110.0
5719,70.0
30296,40.0
22106,75.0
13916,90.0
5726,115.0
30303,85.0
22113,-95.0
13923,90.0
5733,110.0
30310,85.0
22120,-75.0
13930,100.0
5740,80.0
30317,75.0
22127,-80.0
13937,70.0
5747,95.0
30324,90.0
22134,60.0
13944,45.0
5754,115.0
30331,100.0
22141,90.0
13951,55.0
5761,115.0
30338,80.0
22148,100.0
13958,95.0
5768,105.0
30345,60.0
22155,35.0
13965,90.0
5775,-95.0
30352,95.0
22162,-70.0
13972,120.0
5782,40.0
30359,100.0
22169,85.0
13979,85.0
5789,50.0
30366,105.0
22176,95.0
13986,90.0
5796,90.0
30373,65.0
22183,95.0
13993,-60.0
5803,135.0
30380,-65.0
22190,75.0
14000,90.0
5810,105.0
30387,120.0
22197,80.0
14007,90.0
5817,70.0
30394,-80.0
22204,105.0
14014,95.0
5824,70.0
30401,105.0
22211,-70.0
14021,115.0
5831,-70.0
30408,105.0
22218,70.0
14028,100.0
5838,95.0
30415,95.0
22225,75.0
14035,90.0
5845,80.0
30422,100.0
22232,85.0
14042,25.0
5852,65.0
30429,50.0
22239,80.0
14049,70.0
5859,70.0
30436,100.0
22246,105.0
14056,-100.0
5866,75.0
30443,120.0
22253,115.0
14063,95.0
5873,-110.0
30450,-90.0
22260,80.0
14070,70.0
5880,75.0
30457,75.0
22267,-110.0
14077,45.0
5887,110.0
30464,145.0
22274,55.0
14084,85.0
5894,70.0
30471,65.0
22281,90.0
14091,100.0
5901,90.0
30478,60.0
22288,70.0
14098,55.0
5908,75.0
30485,100.0
22295,115.0
14105,100.0
5915,30.0
30492,70.0
22302,80.0
14112,-85.0
5922,15.0
30499,95.0
22309,105.0
14119,80.0
5929,85.0
30506,60.0
22316,-85.0
14126,45.0
5936,85.0
30513,95.0
22323,100.0
14133,-100.0
5943,75.0
30520,75.0
22330,55.0
14140,85.0
5950,-95.0
30527,115.0
22337,-45.0
14147,90.0
5957,105.0
30534,-100.0
22344,30.0
14154,85.0
5964,120.0
30541,105.0
22351,45.0
14161,85.0
5971,-75.0
30548,90.0
22358,45.0
14168,95.0
5978,75.0
30555,110.0
22365,-65.0
14175,75.0
5985,110.0
30562,70.0
22372,105.0
14182,95.0
5992,-110.0
30569,50.0
22379,90.0
14189,-100.0
5999,90.0
30576,110.0
22386,105.0
14196,-75.0
6006,60.0
30583,-35.0
22393,90.0
14203,75.0
6013,115.0
30590,-55.0
22400,135.0
14210,100.0
6020,80.0
30597,110.0
22407,55.0
14217,110.0
6027,85.0
30604,90.0
22414,100.0
14224,-55.0
6034,90.0
30611,60.0
22421,80.0
14231,90.0
6041,70.0
30618,-70.0
22428,110.0
14238,75.0
6048,90.0
30625,85.0
22435,35.0
14245,110.0
6055,90.0
30632,100.0
22442,35.0
14252,110.0
6062,100.0
30639,95.0
22449,75.0
14259,20.0
6069,95.0
30646,105.0
22456,55.0
14266,110.0
6076,115.0
30653,90.0
22463,110.0
14273,80.0
6083,65.0
30660,115.0
22470,130.0
14280,130.0
6090,85.0
30667,-90.0
22477,55.0
14287,80.0
6097,-115.0
30674,115.0
22484,20.0
14294,100.0
6104,35.0
30681,35.0
22491,-20.0
14301,105.0
6111,105.0
30688,100.0
22498,65.0
14308,90.0
6118,100.0
30695,135.0
22505,65.0
14315,55.0
6125,90.0
30702,90.0
22512,75.0
14322,95.0
6132,75.0
30709,-110.0
22519,130.0
14329,110.0
6139,-115.0
30716,85.0
22526,75.0
14336,15.0
6146,-65.0
30723,125.0
22533,55.0
14343,60.0
6153,-160.0
30730,80.0
22540,105.0
14350,90.0
6160,-70.0
30737,45.0
22547,110.0
14357,75.0
6167,105.0
30744,65.0
22554,50.0
14364,80.0
6174,85.0
30751,70.0
22561,-110.0
14371,70.0
6181,-90.0
30758,-90.0
22568,-110.0
14378,85.0
6188,120.0
30765,-20.0
22575,50.0
14385,100.0
6195,55.0
30772,85.0
22582,65.0
14392,90.0
6202,70.0
30779,105.0
22589,95.0
14399,90.0
6209,75.0
30786,80.0
22596,95.0
14406,105.0
6216,-110.0
30793,75.0
22603,60.0
14413,100.0
6223,-75.0
30800,95.0
22610,30.0
14420,75.0
6230,40.0
30807,-115.0
22617,105.0
14427,-100.0
6237,105.0
30814,100.0
22624,50.0
14434,-105.0
6244,85.0
30821,-100.0
22631,-75.0
14441,-100.0
6251,70.0
30828,75.0
22638,100.0
14448,-105.0
6258,110.0
30835,65.0
22645,60.0
14455,-50.0
6265,100.0
30842,-105.0
22652,-115.0
14462,-120.0
6272,-30.0
30849,115.0
22659,85.0
14469,80.0
6279,75.0
30856,60.0
22666,70.0
14476,85.0
6286,90.0
30863,90.0
22673,65.0
14483,75.0
6293,105.0
30870,70.0
22680,85.0
14490,85.0
6300,105.0
30877,115.0
22687,85.0
14497,-50.0
6307,120.0
30884,100.0
22694,115.0
14504,90.0
6314,65.0
30891,105.0
22701,60.0
14511,80.0
6321,65.0
30898,75.0
22708,110.0
14518,50.0
6328,65.0
30905,85.0
22715,30.0
14525,100.0
6335,145.0
30912,115.0
22722,105.0
14532,100.0
6342,90.0
30919,60.0
22729,125.0
14539,95.0
6349,70.0
30926,75.0
22736,70.0
14546,30.0
6356,85.0
30933,95.0
22743,95.0
14553,-75.0
6363,30.0
30940,80.0
22750,75.0
14560,100.0
6370,105.0
30947,90.0
22757,100.0
14567,115.0
6377,75.0
30954,85.0
22764,130.0
14574,90.0
6384,75.0
30961,100.0
22771,50.0
14581,-85.0
6391,85.0
30968,130.0
22778,85.0
14588,50.0
6398,100.0
30975,55.0
22785,45.0
14595,110.0
6405,-70.0
30982,105.0
22792,100.0
14602,90.0
6412,-130.0
30989,70.0
22799,-110.0
14609,70.0
6419,-110.0
30996,95.0
22806,45.0
14616,20.0
6426,85.0
31003,60.0
22813,60.0
14623,110.0
6433,80.0
31010,75.0
22820,85.0
14630,70.0
6440,110.0
31017,-60.0
22827,75.0
14637,75.0
6447,110.0
31024,-70.0
22834,120.0
14644,100.0
6454,-100.0
31031,-90.0
22841,50.0
14651,70.0
6461,70.0
31038,105.0
22848,75.0
14658,70.0
6468,45.0
31045,-85.0
22855,50.0
14665,60.0
6475,60.0
31052,80.0
22862,25.0
14672,85.0
6482,65.0
31059,100.0
22869,55.0
14679,110.0
6489,15.0
31066,120.0
22876,-100.0
14686,75.0
6496,95.0
31073,35.0
22883,85.0
14693,90.0
6503,95.0
31080,90.0
22890,55.0
14700,60.0
6510,105.0
31087,105.0
22897,-80.0
14707,45.0
6517,90.0
31094,90.0
22904,100.0
14714,60.0
6524,90.0
31101,105.0
22911,20.0
14721,75.0
6531,80.0
31108,60.0
22918,100.0
14728,-85.0
6538,105.0
31115,-160.0
22925,-80.0
14735,70.0
6545,25.0
31122,95.0
22932,90.0
14742,-80.0
6552,105.0
31129,95.0
22939,-65.0
14749,115.0
6559,30.0
31136,110.0
22946,-140.0
14756,100.0
6566,95.0
31143,100.0
22953,90.0
14763,-105.0
6573,85.0
31150,-70.0
22960,95.0
14770,-125.0
6580,85.0
31157,115.0
22967,80.0
14777,-50.0
6587,75.0
31164,-110.0
22974,80.0
14784,-105.0
6594,65.0
31171,115.0
22981,55.0
14791,110.0
6601,110.0
31178,105.0
22988,70.0
14798,-105.0
6608,65.0
31185,60.0
22995,10.0
14805,90.0
6615,70.0
31192,-105.0
23002,70.0
14812,80.0
6622,105.0
31199,105.0
23009,75.0
14819,55.0
6629,105.0
31206,-70.0
23016,110.0
14826,-105.0
6636,20.0
31213,-140.0
23023,75.0
14833,105.0
6643,80.0
31220,-120.0
23030,85.0
14840,120.0
6650,130.0
31227,75.0
23037,-65.0
14847,120.0
6657,100.0
31234,60.0
23044,95.0
14854,-80.0
6664,70.0
31241,155.0
23051,85.0
14861,90.0
6671,75.0
31248,85.0
23058,75.0
14868,115.0
6678,85.0
31255,105.0
23065,-100.0
14875,100.0
6685,85.0
31262,135.0
23072,85.0
14882,100.0
6692,115.0
31269,30.0
23079,85.0
14889,135.0
6699,115.0
31276,100.0
23086,95.0
14896,105.0
6706,90.0
31283,70.0
23093,90.0
14903,110.0
6713,60.0
31290,70.0
23100,85.0
14910,110.0
6720,85.0
31297,105.0
23107,95.0
14917,-100.0
6727,85.0
31304,100.0
23114,-85.0
14924,115.0
6734,20.0
31311,85.0
23121,70.0
14931,95.0
6741,65.0
31318,135.0
23128,-120.0
14938,105.0
6748,85.0
31325,80.0
23135,90.0
14945,100.0
6755,100.0
31332,30.0
23142,-50.0
14952,-70.0
6762,105.0
31339,100.0
23149,-65.0
14959,60.0
6769,65.0
31346,-165.0
23156,110.0
14966,-20.0
6776,105.0
31353,145.0
23163,35.0
14973,-110.0
6783,115.0
31360,150.0
23170,85.0
14980,100.0
6790,-95.0
31367,75.0
23177,75.0
14987,100.0
6797,105.0
31374,75.0
23184,75.0
14994,80.0
6804,70.0
31381,110.0
23191,65.0
15001,110.0
6811,-95.0
31388,105.0
23198,45.0
15008,40.0
6818,110.0
31395,15.0
23205,80.0
15015,70.0
6825,105.0
31402,15.0
23212,70.0
15022,75.0
6832,80.0
31409,105.0
23219,90.0
15029,75.0
6839,-90.0
31416,80.0
23226,70.0
15036,110.0
6846,75.0
31423,115.0
23233,45.0
15043,115.0
6853,10.0
31430,85.0
23240,40.0
15050,50.0
6860,-85.0
31437,135.0
23247,-90.0
15057,95.0
6867,-90.0
31444,95.0
23254,-75.0
15064,80.0
6874,70.0
31451,110.0
23261,-75.0
15071,-65.0
6881,65.0
31458,100.0
23268,-25.0
15078,-90.0
6888,105.0
31465,-80.0
23275,-75.0
15085,85.0
6895,75.0
31472,65.0
23282,60.0
15092,-50.0
6902,95.0
31479,60.0
23289,-70.0
15099,-95.0
6909,90.0
31486,-70.0
23296,145.0
15106,-105.0
6916,115.0
31493,110.0
23303,45.0
15113,95.0
6923,80.0
31500,80.0
23310,80.0
15120,100.0
6930,100.0
31507,120.0
23317,45.0
15127,75.0
6937,110.0
31514,75.0
23324,80.0
15134,90.0
6944,90.0
31521,-75.0
23331,55.0
15141,90.0
6951,55.0
31528,115.0
23338,70.0
15148,85.0
6958,60.0
31535,-90.0
23345,110.0
15155,85.0
6965,110.0
31542,115.0
23352,75.0
15162,90.0
6972,75.0
31549,115.0
23359,75.0
15169,75.0
6979,-90.0
31556,80.0
23366,75.0
15176,75.0
6986,90.0
31563,-175.0
23373,85.0
15183,20.0
6993,-70.0
31570,115.0
23380,115.0
15190,70.0
7000,-75.0
31577,70.0
23387,95.0
15197,75.0
7007,50.0
31584,135.0
23394,115.0
15204,-85.0
7014,130.0
31591,105.0
23401,100.0
15211,-65.0
7021,115.0
31598,100.0
23408,85.0
15218,-115.0
7028,85.0
31605,-120.0
23415,100.0
15225,75.0
7035,105.0
31612,-85.0
23422,-70.0
15232,100.0
7042,95.0
31619,70.0
23429,85.0
15239,95.0
7049,95.0
31626,100.0
23436,90.0
15246,100.0
7056,75.0
31633,155.0
23443,-90.0
15253,90.0
7063,100.0
31640,130.0
23450,145.0
15260,85.0
7070,-85.0
31647,105.0
23457,-50.0
15267,75.0
7077,-55.0
31654,105.0
23464,60.0
15274,-100.0
7084,85.0
31661,115.0
23471,55.0
15281,65.0
7091,85.0
31668,100.0
23478,55.0
15288,-80.0
7098,105.0
31675,90.0
23485,75.0
15295,-65.0
7105,95.0
31682,85.0
23492,90.0
15302,60.0
7112,115.0
31689,90.0
23499,45.0
15309,100.0
7119,80.0
31696,100.0
23506,105.0
15316,90.0
7126,80.0
31703,-90.0
23513,85.0
15323,-100.0
7133,-115.0
31710,-90.0
23520,80.0
15330,75.0
7140,80.0
31717,75.0
23527,-45.0
15337,75.0
7147,115.0
31724,75.0
23534,110.0
15344,120.0
7154,80.0
31731,105.0
23541,110.0
15351,110.0
7161,80.0
31738,60.0
23548,70.0
15358,-110.0
7168,80.0
31745,110.0
23555,-85.0
15365,80.0
7175,-75.0
31752,90.0
23562,85.0
15372,75.0
7182,155.0
31759,-70.0
23569,115.0
15379,75.0
7189,75.0
31766,80.0
23576,80.0
15386,75.0
7196,140.0
31773,80.0
23583,100.0
15393,100.0
7203,25.0
31780,115.0
23590,100.0
15400,80.0
7210,145.0
31787,80.0
23597,110.0
15407,65.0
7217,150.0
31794,145.0
23604,100.0
15414,105.0
7224,55.0
31801,-130.0
23611,95.0
15421,-100.0
7231,70.0
31808,-95.0
23618,120.0
15428,105.0
7238,100.0
31815,115.0
23625,90.0
15435,90.0
7245,85.0
31822,-80.0
23632,65.0
15442,-85.0
7252,120.0
31829,-80.0
23639,55.0
15449,95.0
7259,100.0
31836,-80.0
23646,45.0
15456,105.0
7266,70.0
31843,105.0
23653,120.0
15463,90.0
7273,100.0
31850,110.0
23660,-95.0
15470,-85.0
7280,120.0
31857,80.0
23667,-105.0
15477,85.0
7287,60.0
31864,65.0
23674,95.0
15484,105.0
7294,-110.0
31871,-95.0
23681,60.0
15491,-75.0
7301,80.0
31878,45.0
23688,20.0
15498,75.0
7308,70.0
31885,85.0
23695,125.0
15505,15.0
7315,-115.0
31892,-150.0
23702,105.0
15512,70.0
7322,80.0
31899,95.0
23709,75.0
15519,90.0
7329,115.0
31906,70.0
23716,95.0
15526,100.0
7336,90.0
31913,100.0
23723,105.0
15533,110.0
7343,90.0
31920,105.0
23730,140.0
15540,-90.0
7350,115.0
31927,70.0
23737,100.0
15547,60.0
7357,120.0
31934,140.0
23744,100.0
15554,75.0
7364,75.0
31941,65.0
23751,100.0
15561,100.0
7371,135.0
31948,35.0
23758,-70.0
15568,80.0
7378,70.0
31955,85.0
23765,25.0
15575,-75.0
7385,65.0
31962,35.0
23772,90.0
15582,90.0
7392,160.0
31969,85.0
23779,115.0
15589,80.0
7399,125.0
31976,85.0
23786,95.0
15596,90.0
7406,100.0
31983,85.0
23793,80.0
15603,80.0
7413,40.0
31990,70.0
23800,90.0
15610,80.0
7420,-85.0
31997,15.0
23807,110.0
15617,120.0
7427,110.0
32004,75.0
23814,120.0
15624,60.0
7434,50.0
32011,60.0
23821,-75.0
15631,85.0
7441,80.0
32018,65.0
23828,60.0
15638,105.0
7448,80.0
32025,90.0
23835,95.0
15645,105.0
7455,115.0
32032,-90.0
23842,-70.0
15652,-110.0
7462,115.0
32039,70.0
23849,-95.0
15659,-110.0
7469,15.0
32046,60.0
23856,35.0
15666,85.0
7476,60.0
32053,60.0
23863,115.0
15673,-95.0
7483,75.0
32060,65.0
23870,100.0
15680,85.0
7490,75.0
32067,85.0
23877,-80.0
15687,100.0
7497,115.0
32074,85.0
23884,-80.0
15694,50.0
7504,80.0
32081,100.0
23891,120.0
15701,85.0
7511,100.0
32088,80.0
23898,-80.0
15708,-40.0
7518,75.0
32095,45.0
23905,70.0
15715,85.0
7525,55.0
32102,20.0
23912,125.0
15722,55.0
7532,85.0
32109,65.0
23919,50.0
15729,35.0
7539,90.0
32116,65.0
23926,85.0
15736,105.0
7546,35.0
32123,75.0
23933,50.0
15743,-100.0
7553,70.0
32130,65.0
23940,-115.0
15750,115.0
7560,85.0
32137,125.0
23947,-130.0
15757,20.0
7567,70.0
32144,105.0
23954,100.0
15764,110.0
7574,75.0
32151,50.0
23961,70.0
15771,75.0
7581,95.0
32158,95.0
23968,100.0
15778,85.0
7588,60.0
32165,75.0
23975,115.0
15785,85.0
7595,75.0
32172,60.0
23982,130.0
15792,-70.0
7602,85.0
32179,100.0
23989,135.0
15799,-70.0
7609,70.0
32186,75.0
23996,115.0
15806,75.0
7616,115.0
32193,105.0
24003,95.0
15813,100.0
7623,75.0
32200,80.0
24010,115.0
15820,95.0
7630,75.0
32207,55.0
24017,90.0
15827,120.0
7637,90.0
32214,85.0
24024,115.0
15834,65.0
7644,100.0
32221,65.0
24031,105.0
15841,-110.0
7651,85.0
32228,100.0
24038,60.0
15848,120.0
7658,60.0
32235,100.0
24045,70.0
15855,70.0
7665,75.0
32242,105.0
24052,60.0
15862,85.0
7672,-75.0
32249,15.0
24059,125.0
15869,95.0
7679,105.0
32256,70.0
24066,50.0
15876,75.0
7686,75.0
32263,-85.0
24073,115.0
15883,100.0
7693,75.0
32270,60.0
24080,65.0
15890,55.0
7700,105.0
32277,65.0
24087,115.0
15897,65.0
7707,-90.0
32284,115.0
24094,85.0
15904,70.0
7714,100.0
32291,60.0
24101,45.0
15911,105.0
7721,80.0
32298,135.0
24108,170.0
15918,-90.0
7728,80.0
32305,70.0
24115,-75.0
15925,100.0
7735,90.0
32312,110.0
24122,70.0
15932,-90.0
7742,70.0
32319,-90.0
24129,110.0
15939,55.0
7749,75.0
32326,-115.0
24136,110.0
15946,70.0
7756,95.0
32333,-75.0
24143,115.0
15953,70.0
7763,95.0
32340,75.0
24150,65.0
15960,105.0
7770,80.0
32347,85.0
24157,-140.0
15967,120.0
7777,80.0
32354,85.0
24164,135.0
15974,135.0
7784,80.0
32361,85.0
24171,110.0
15981,100.0
7791,45.0
32368,70.0
24178,-110.0
15988,80.0
7798,105.0
32375,85.0
24185,-70.0
15995,105.0
7805,75.0
32382,-65.0
24192,150.0
16002,105.0
7812,120.0
32389,45.0
24199,-80.0
16009,100.0
7819,70.0
32396,100.0
24206,45.0
16016,100.0
7826,65.0
32403,75.0
24213,95.0
16023,90.0
7833,95.0
32410,75.0
24220,70.0
16030,60.0
7840,75.0
32417,100.0
24227,-105.0
16037,60.0
7847,100.0
32424,-120.0
24234,100.0
16044,75.0
7854,90.0
32431,-65.0
24241,135.0
16051,-85.0
7861,115.0
32438,90.0
24248,110.0
16058,50.0
7868,90.0
32445,105.0
24255,120.0
16065,100.0
7875,110.0
32452,-85.0
24262,65.0
16072,40.0
7882,90.0
32459,-130.0
24269,110.0
16079,70.0
7889,90.0
32466,50.0
24276,145.0
16086,25.0
7896,90.0
32473,105.0
24283,75.0
16093,80.0
7903,90.0
32480,80.0
24290,75.0
16100,95.0
7910,145.0
32487,80.0
24297,100.0
16107,100.0
7917,125.0
32494,75.0
24304,120.0
16114,75.0
7924,75.0
32501,90.0
24311,180.0
16121,70.0
7931,115.0
32508,90.0
24318,160.0
16128,-75.0
7938,105.0
32515,40.0
24325,100.0
16135,70.0
7945,75.0
32522,65.0
24332,95.0
16142,120.0
7952,105.0
32529,90.0
24339,110.0
16149,125.0
7959,75.0
32536,95.0
24346,-125.0
16156,25.0
7966,60.0
32543,10.0
24353,60.0
16163,120.0
7973,75.0
32550,65.0
24360,100.0
16170,70.0
7980,-20.0
32557,65.0
24367,115.0
16177,85.0
7987,65.0
32564,95.0
24374,95.0
16184,65.0
7994,85.0
32571,115.0
24381,100.0
16191,-110.0
8001,90.0
32578,-115.0
24388,85.0
16198,130.0
8008,-115.0
32585,85.0
24395,65.0
16205,100.0
8015,60.0
32592,85.0
24402,100.0
16212,60.0
8022,125.0
32599,60.0
24409,75.0
16219,-15.0
8029,80.0
32606,100.0
24416,-75.0
16226,80.0
8036,50.0
32613,90.0
24423,65.0
16233,95.0
8043,75.0
32620,75.0
24430,70.0
16240,100.0
8050,100.0
32627,90.0
24437,85.0
16247,55.0
8057,75.0
32634,65.0
24444,110.0
16254,-125.0
8064,160.0
32641,70.0
24451,110.0
16261,115.0
8071,95.0
32648,105.0
24458,90.0
16268,90.0
8078,50.0
32655,85.0
24465,30.0
16275,40.0
8085,75.0
32662,85.0
24472,-95.0
16282,75.0
8092,75.0
32669,-80.0
24479,105.0
16289,115.0
8099,75.0
32676,105.0
24486,105.0
16296,95.0
8106,100.0
32683,110.0
24493,30.0
16303,85.0
8113,70.0
32690,110.0
24500,85.0
16310,105.0
8120,80.0
32697,105.0
24507,80.0
16317,60.0
8127,70.0
32704,85.0
24514,105.0
16324,105.0
8134,70.0
32711,70.0
24521,65.0
16331,100.0
8141,70.0
32718,75.0
24528,105.0
16338,95.0
8148,70.0
32725,-85.0
24535,100.0
16345,90.0
8155,70.0
32732,85.0
24542,85.0
16352,90.0
8162,75.0
32739,100.0
24549,100.0
16359,100.0
8169,75.0
32746,90.0
24556,105.0
16366,95.0
8176,70.0
32753,70.0
24563,75.0
16373,100.0
8183,45.0
32760,85.0
24570,95.0
16380,30.0
8190,65.0
32767,85.0
